priority_rank,priority_score,priority_tier,verdict,sticker,category,variant,team,price_tokens,usd_price,suggested_size,entry_tier,flood_risk,quality_score,history_score,decision_score,discovery_score,value_edge_score,trend_score,expected_return_pct,expected_return_score,robust_reference_price,robust_peak_price,discount_from_robust_peak_pct,downside_to_floor_pct,downside_risk_score,demand_momentum_score,demand_price_divergence_score,falling_demand_penalty,prediction_confidence,score_confidence,manual_score_count,history_coverage_score,entry_change_score,discount_from_high_pct,upside_to_high_pct,position_in_range,trend_signal,quick_reason,risk_note,action_note,scored,launch_price,launch_gap_pct,early_avg_price,early_avg_gap_pct,max_previous_bounce_pct,lower_high_count,recent_return_pct,price_slope_full,price_slope_recent,snapshot_points,snapshot_span_hours,snapshot_price_change_pct,snapshot_price_velocity_pct_per_day,snapshot_price_slope,snapshot_price_acceleration,rank_change,rank_percentile_change,rank_improvement_score,price_drop_opportunity_score,positive_popularity_sum,absolute_popularity_pressure,peak_positive_popularity,latest_popularity,avg_relative_demand_share,latest_relative_demand_share,relative_demand_share_change_pct,relative_demand_share_slope_full,relative_demand_share_slope_recent,demand_share_acceleration,avg_positive_demand_share,latest_positive_demand_share,crowding_percentile,entry_score,flood_risk_score,price_percentile,hist_min,hist_max,hist_median,recent_avg_price,hist_points,history_span_hours,last_point_time,visual_score,craft_score,demand_score,color_score,readability_score,notes,note_positive_flag,note_negative_flag,note_hype_flag,note_avoid_flag,note_score_adjustment,portfolio_group,portfolio_group_count,portfolio_variant_count,team_exposure_score,image_formula,image_url,item_url,market_hash_name,steam_market_url,metadata_status,paint_index,volatile_item_id,campaign_id,campaign_slug,token_key,catalog_type,sticker_type,player_name,team_name,rarity_id,sticker_id
1,65.5,P2,CHEAP HISTORY PUNT,beastik,Player,Paper,,6,0.06,1-2 max,Very Cheap,Low,6.0,0.6677,0.3778,0.614,0.5362,0.4197,68.33333333333333,0.5694,10.1,25.0,76.0,0.0,0.0,0.636,0.0,0.0,0.65,0.0,0,1.0,0.625,76.0,316.6666666666667,0.0,Demand rising while price soft,+68% expected | 0.64 demand | 76% below high | 317% upside | -74% vs launch,"lower highs, unscored",Cheap punt; small size is acceptable even before full scoring.,False,23.0,-73.91304347826086,23.67,-74.65145754119138,8.7,10,0.0,-2.18,0.0,49,158.01,0.0,0.0,-2.46,0.0,-20.0,-0.125,0.5,0.0,10030.0,299985.0,3325.0,3325.0,0.00074,0.001487,207.02,-0.32,33.44,25.75,9.6e-05,0.002561,0.2111801242236025,1.0,0.2081,0.3625,6.0,25.0,7.0,6.0,74,247.16,2026-06-01T23:05:16.832000,,,,,,,0,0,0,0,0.0,beastik,4,1,0.25,"=IMAGE(""https://raw.githubusercontent.com/ByMykel/counter-strike-image-tracker/main/static/panorama/images/econ/stickers/cologne2026/sig_beastik_png.png"")",https://raw.githubusercontent.com/ByMykel/counter-strike-image-tracker/main/static/panorama/images/econ/stickers/cologne2026/sig_beastik_png.png,https://cs2tokens.com/iem-cologne-2026/items/sticker-beastik-cologne-2026,Sticker | beastik | Cologne 2026,https://steamcommunity.com/market/listings/730/Sticker%20%7C%20beastik%20%7C%20Cologne%202026,ok,10994.0,5316.0,12.0,iem-cologne-2026,campaign_12,sticker,Autograph,beastik,,rarity_rare,c4d015f54c11
2,63.8,P2,CHEAP HISTORY PUNT,snow,Player,Paper,paiN Gaming,5,0.05,1-2 max,Very Cheap,Low,6.0,0.6835,0.3514,0.5898,0.5276,0.4024,60.00000000000001,0.5,8.0,24.0,79.16666666666666,0.0,0.0,0.5919,0.0,0.0,0.65,0.0,0,1.0,0.575,79.16666666666666,380.0,0.0,Demand rising while price soft,+60% expected | 0.59 demand | 79% below high | 380% upside | -79% vs launch,"lower highs, unscored",Cheap punt; small size is acceptable even before full scoring.,False,24.0,-79.16666666666666,22.33,-77.60859829825347,0.0,6,0.0,-2.17,0.0,49,158.01,0.0,0.0,-2.38,0.0,-12.0,-0.075,0.3,0.0,20449.0,361965.0,3008.0,3008.0,0.000688,0.001346,52.88,-0.88,26.2,10.72,0.0002,0.002317,0.40993788819875776,1.0,0.2738,0.0375,5.0,24.0,5.0,5.0,74,247.16,2026-06-01T23:05:16.832000,,,,,,,0,0,0,0,0.0,paiN Gaming,24,6,1.0,"=IMAGE(""https://raw.githubusercontent.com/ByMykel/counter-strike-image-tracker/main/static/panorama/images/econ/stickers/cologne2026/sig_snow_png.png"")",https://raw.githubusercontent.com/ByMykel/counter-strike-image-tracker/main/static/panorama/images/econ/stickers/cologne2026/sig_snow_png.png,https://cs2tokens.com/iem-cologne-2026/items/sticker-snow-cologne-2026,Sticker | snow | Cologne 2026,https://steamcommunity.com/market/listings/730/Sticker%20%7C%20snow%20%7C%20Cologne%202026,ok,10802.0,5316.0,12.0,iem-cologne-2026,campaign_12,sticker,Autograph,snow,paiN Gaming,rarity_rare,beb4d04c92b4
3,61.8,P3,CHEAP HISTORY PUNT,luchov (Foil),Player,Foil,9z Team,44,0.44,1-2 max,Very Cheap,Low,6.0,0.6327,0.3264,0.5677,0.4643,0.4448,43.93181818181817,0.3661,63.33,153.0,71.24183006535948,-11.363636363636365,0.142,0.6064,0.0,0.0,0.65,0.0,0,1.0,0.5062,71.24183006535948,247.72727272727272,0.043859649122807015,Demand rising while price soft,+44% expected | 0.61 demand | 71% below high | 248% upside | -71% vs launch,"lower highs, unscored",Cheap punt; small size is acceptable even before full scoring.,False,153.0,-71.24183006535948,146.67,-70.0006818026863,17.95,2,0.0,-1.75,0.0,48,158.0,0.0,0.0,-2.12,-1.13,-1.0,-0.0063,0.025,0.0,36092.0,309456.0,3788.0,825.0,0.000694,0.000369,-16.3,-1.1,62.32,66.89,0.00028,0.000635,0.422360248447205,1.0,0.2265,0.175,39.0,153.0,45.0,44.0,74,247.16,2026-06-01T23:05:16.832000,,,,,,,0,0,0,0,0.0,9z Team,24,6,1.0,"=IMAGE(""https://raw.githubusercontent.com/ByMykel/counter-strike-image-tracker/main/static/panorama/images/econ/stickers/cologne2026/sig_luchov_foil_png.png"")",https://raw.githubusercontent.com/ByMykel/counter-strike-image-tracker/main/static/panorama/images/econ/stickers/cologne2026/sig_luchov_foil_png.png,https://cs2tokens.com/iem-cologne-2026/items/sticker-luchov-foil-cologne-2026,Sticker | luchov (Foil) | Cologne 2026,https://steamcommunity.com/market/listings/730/Sticker%20%7C%20luchov%20%28Foil%29%20%7C%20Cologne%202026,ok,10847.0,5316.0,12.0,iem-cologne-2026,campaign_12,sticker,Autograph,luchov,9z Team,rarity_mythical,348ef492543e
4,61.4,P3,CHEAP HISTORY PUNT,soulfly,Player,Paper,Aurora,5,0.05,1-2 max,Very Cheap,Medium,6.0,0.6661,0.3332,0.5779,0.4909,0.3953,70.19999999999999,0.585,8.51,27.0,81.48148148148148,-19.999999999999996,0.25,0.5436,0.0,0.0,0.65,0.0,0,1.0,0.55,81.48148148148148,440.00000000000006,0.043478260869565216,Demand rising while price soft,+70% expected | 0.54 demand | 81% below high | 440% upside | -81% vs launch,"lower highs, unscored",Cheap punt; small size is acceptable even before full scoring.,False,27.0,-81.4814814814815,25.33,-80.26056060007896,25.0,8,0.0,-2.46,0.0,49,158.01,0.0,0.0,-2.59,0.0,-8.0,-0.05,0.2,0.0,41357.0,411945.0,2886.0,2383.0,0.000865,0.001066,18.78,-0.88,18.47,13.93,0.000345,0.001835,0.639751552795031,1.0,0.3681,0.0,4.0,27.0,5.0,5.0,74,247.16,2026-06-01T23:05:16.832000,,,,,,,0,0,0,0,0.0,Aurora,24,6,1.0,"=IMAGE(""https://raw.githubusercontent.com/ByMykel/counter-strike-image-tracker/main/static/panorama/images/econ/stickers/cologne2026/sig_soulfly_png.png"")",https://raw.githubusercontent.com/ByMykel/counter-strike-image-tracker/main/static/panorama/images/econ/stickers/cologne2026/sig_soulfly_png.png,https://cs2tokens.com/iem-cologne-2026/items/sticker-soulfly-cologne-2026,Sticker | soulfly | Cologne 2026,https://steamcommunity.com/market/listings/730/Sticker%20%7C%20soulfly%20%7C%20Cologne%202026,ok,10638.0,5316.0,12.0,iem-cologne-2026,campaign_12,sticker,Autograph,soulfly,Aurora,rarity_rare,6f1b62fee62f
5,61.2,P3,CHEAP HISTORY PUNT,faveN (Foil),Player,Foil,BIG,29,0.29,1-2 max,Very Cheap,Low,6.0,0.6556,0.3265,0.5665,0.4733,0.4081,48.27586206896552,0.4023,43.0,120.0,75.83333333333333,-17.24137931034483,0.2155,0.5956,0.1438,0.0,0.65,0.0,0,1.0,0.53,75.83333333333333,313.7931034482759,0.052083333333333336,Demand rising while price soft,+48% expected | 0.60 demand | 76% below high | 314% upside | -76% vs launch,"lower highs, unscored",Cheap punt; small size is acceptable even before full scoring.,False,120.0,-75.83333333333333,115.0,-74.78260869565217,25.0,4,-3.33,-1.88,-1.69,50,158.0,-3.33,-7.19,-2.03,-5.09,-1.0,-0.0062,0.025,0.0952,45228.0,356891.0,3997.0,-1013.0,0.000769,0.000453,-9.82,-0.49,48.92,94.66,0.000365,0.0,0.6521739130434783,1.0,0.3302,0.04375,24.0,120.0,30.0,29.67,74,247.16,2026-06-01T23:05:16.832000,,,,,,,0,0,0,0,0.0,BIG,24,6,1.0,"=IMAGE(""https://raw.githubusercontent.com/ByMykel/counter-strike-image-tracker/main/static/panorama/images/econ/stickers/cologne2026/sig_faven_foil_png.png"")",https://raw.githubusercontent.com/ByMykel/counter-strike-image-tracker/main/static/panorama/images/econ/stickers/cologne2026/sig_faven_foil_png.png,https://cs2tokens.com/iem-cologne-2026/items/sticker-faven-foil-cologne-2026,Sticker | faveN (Foil) | Cologne 2026,https://steamcommunity.com/market/listings/730/Sticker%20%7C%20faveN%20%28Foil%29%20%7C%20Cologne%202026,ok,10943.0,5316.0,12.0,iem-cologne-2026,campaign_12,sticker,Autograph,faveN,BIG,rarity_mythical,37b479a38b80
6,61.2,P3,CHEAP HISTORY PUNT,meyern (Foil),Player,Foil,9z Team,41,0.41,1-2 max,Very Cheap,Low,6.0,0.6396,0.3214,0.5624,0.4641,0.422,47.0,0.3917,60.27,147.0,72.10884353741497,-9.756097560975608,0.122,0.5844,0.0,0.0,0.65,0.0,0,1.0,0.5,72.10884353741497,258.5365853658537,0.03636363636363636,Demand rising while price soft,+47% expected | 0.58 demand | 72% below high | 259% upside | -72% vs launch,"lower highs, unscored",Cheap punt; small size is acceptable even before full scoring.,False,145.0,-71.72413793103448,141.67,-71.05950448224748,18.92,6,0.0,-1.82,0.0,48,158.0,0.0,0.0,-2.23,3.57,1.0,0.0063,0.0,0.0,38125.0,328916.0,4047.0,454.0,0.00077,0.000203,-65.44,-0.56,51.52,105.67,0.000292,0.00035,0.4968944099378882,1.0,0.2555,0.15,37.0,147.0,43.0,41.0,74,247.16,2026-06-01T23:05:16.832000,,,,,,,0,0,0,0,0.0,9z Team,24,6,1.0,"=IMAGE(""https://raw.githubusercontent.com/ByMykel/counter-strike-image-tracker/main/static/panorama/images/econ/stickers/cologne2026/sig_meyern_foil_png.png"")",https://raw.githubusercontent.com/ByMykel/counter-strike-image-tracker/main/static/panorama/images/econ/stickers/cologne2026/sig_meyern_foil_png.png,https://cs2tokens.com/iem-cologne-2026/items/sticker-meyern-foil-cologne-2026,Sticker | meyern (Foil) | Cologne 2026,https://steamcommunity.com/market/listings/730/Sticker%20%7C%20meyern%20%28Foil%29%20%7C%20Cologne%202026,ok,10843.0,5316.0,12.0,iem-cologne-2026,campaign_12,sticker,Autograph,meyern,9z Team,rarity_mythical,b02cd087e87e
7,61.0,P3,CHEAP HISTORY PUNT,slaxz-,Player,Paper,M80,5,0.05,1-2 max,Very Cheap,Medium,6.0,0.6371,0.3665,0.5591,0.4967,0.4165,43.199999999999996,0.36,7.16,19.0,73.68421052631578,-19.999999999999996,0.25,0.5618,0.7104,0.0,0.65,0.0,0,1.0,0.869,73.68421052631578,280.0,0.06666666666666667,Demand rising while price soft,+43% expected | 0.56 demand | 74% below high | 280% upside | -74% vs launch,"lower highs, unscored",Cheap punt; small size is acceptable even before full scoring.,False,19.0,-73.6842105263158,17.67,-71.70345217883418,50.0,6,-16.67,-1.59,-8.82,53,158.01,-16.67,-35.96,-1.64,-8.82,-46.0,-0.2875,1.0,0.4762,87103.0,425389.0,6867.0,-2557.0,0.001099,0.001144,17.76,1.18,34.57,-30.83,0.000775,0.0,0.7142857142857143,1.0,0.5014,0.14375,4.0,19.0,5.0,5.67,74,247.16,2026-06-01T23:05:16.832000,,,,,,,0,0,0,0,0.0,M80,24,6,1.0,"=IMAGE(""https://raw.githubusercontent.com/ByMykel/counter-strike-image-tracker/main/static/panorama/images/econ/stickers/cologne2026/sig_slaxz_png.png"")",https://raw.githubusercontent.com/ByMykel/counter-strike-image-tracker/main/static/panorama/images/econ/stickers/cologne2026/sig_slaxz_png.png,https://cs2tokens.com/iem-cologne-2026/items/sticker-slaxz-cologne-2026,Sticker | slaxz- | Cologne 2026,https://steamcommunity.com/market/listings/730/Sticker%20%7C%20slaxz-%20%7C%20Cologne%202026,ok,10970.0,5316.0,12.0,iem-cologne-2026,campaign_12,sticker,Autograph,slaxz-,M80,rarity_rare,426a73f683f4
8,60.7,P3,CHEAP HISTORY PUNT,Swisher,Player,Paper,M80,5,0.05,1-2 max,Very Cheap,Low,6.0,0.6153,0.3189,0.5573,0.455,0.4103,46.0,0.3833,7.3,19.0,73.68421052631578,-19.999999999999996,0.25,0.6909,0.0,0.0,0.65,0.0,0,1.0,0.5438,73.68421052631578,280.0,0.06666666666666667,Demand rising while price soft,+46% expected | 0.69 demand | 74% below high | 280% upside | -74% vs launch,"lower highs, unscored",Cheap punt; small size is acceptable even before full scoring.,False,19.0,-73.6842105263158,18.0,-72.22222222222221,25.0,8,0.0,-1.8,0.0,51,158.01,0.0,0.0,-1.86,0.0,-7.0,-0.0438,0.175,0.0,38202.0,353963.0,4480.0,4480.0,0.000727,0.002004,104.22,-0.9,64.72,104.38,0.000317,0.00345,0.37267080745341613,1.0,0.3166,0.1375,4.0,19.0,5.0,5.0,74,247.16,2026-06-01T23:05:16.832000,,,,,,,0,0,0,0,0.0,M80,24,6,1.0,"=IMAGE(""https://raw.githubusercontent.com/ByMykel/counter-strike-image-tracker/main/static/panorama/images/econ/stickers/cologne2026/sig_swisher_png.png"")",https://raw.githubusercontent.com/ByMykel/counter-strike-image-tracker/main/static/panorama/images/econ/stickers/cologne2026/sig_swisher_png.png,https://cs2tokens.com/iem-cologne-2026/items/sticker-swisher-cologne-2026,Sticker | Swisher | Cologne 2026,https://steamcommunity.com/market/listings/730/Sticker%20%7C%20Swisher%20%7C%20Cologne%202026,ok,10954.0,5316.0,12.0,iem-cologne-2026,campaign_12,sticker,Autograph,Swisher,M80,rarity_rare,2aea13e4af29
9,60.0,P3,CHEAP HISTORY PUNT,tabseN,Player,Paper,BIG,5,0.05,1-2 max,Very Cheap,Low,6.0,0.6362,0.3222,0.548,0.4743,0.3789,52.2,0.435,7.61,21.0,76.19047619047619,0.0,0.0,0.4225,0.0,0.0,0.65,0.0,0,1.0,0.5812,76.19047619047619,320.0,0.0,Demand rising while price soft,+52% expected | 0.42 demand | 76% below high | 320% upside | -76% vs launch,"lower highs, unscored",Cheap punt; small size is acceptable even before full scoring.,False,21.0,-76.19047619047619,20.33,-75.40580423020167,0.0,9,0.0,-2.01,0.0,49,158.01,0.0,0.0,-2.29,0.0,-13.0,-0.0812,0.325,0.0,31150.0,356438.0,2527.0,657.0,0.000687,0.000294,-65.61,-1.48,9.76,38.35,0.000251,0.000506,0.37888198757763975,1.0,0.2071,0.11875,5.0,21.0,5.0,5.0,74,247.16,2026-06-01T23:05:16.832000,,,,,,,0,0,0,0,0.0,BIG,24,6,1.0,"=IMAGE(""https://raw.githubusercontent.com/ByMykel/counter-strike-image-tracker/main/static/panorama/images/econ/stickers/cologne2026/sig_tabsen_png.png"")",https://raw.githubusercontent.com/ByMykel/counter-strike-image-tracker/main/static/panorama/images/econ/stickers/cologne2026/sig_tabsen_png.png,https://cs2tokens.com/iem-cologne-2026/items/sticker-tabsen-cologne-2026,Sticker | tabseN | Cologne 2026,https://steamcommunity.com/market/listings/730/Sticker%20%7C%20tabseN%20%7C%20Cologne%202026,ok,10934.0,5316.0,12.0,iem-cologne-2026,campaign_12,sticker,Autograph,tabseN,BIG,rarity_rare,d08c4c19b06e
10,59.1,P3,CHEAP HISTORY PUNT,nitr0,Player,Paper,NRG,5,0.05,1-2 max,Very Cheap,Low,6.0,0.6051,0.3437,0.5328,0.466,0.3756,41.79999999999999,0.3483,7.09,18.0,72.22222222222221,-19.999999999999996,0.25,0.5001,0.3374,0.0,0.65,0.0,0,1.0,0.869,72.22222222222221,260.0,0.07142857142857142,Demand rising while price soft,+42% expected | 0.50 demand | 72% below high | 260% upside | -72% vs launch,"lower highs, unscored",Cheap punt; small size is acceptable even before full scoring.,False,18.0,-72.22222222222221,16.67,-70.00599880023995,50.0,8,0.0,-1.51,0.0,53,158.01,-16.67,-35.96,-1.46,-17.65,-49.0,-0.3063,1.0,0.4762,65208.0,376215.0,5375.0,-1208.0,0.000911,0.00054,-44.01,0.57,16.42,26.88,0.000546,0.0,0.45962732919254656,1.0,0.3423,0.18125,4.0,18.0,5.0,5.0,74,247.16,2026-06-01T23:05:16.832000,,,,,,,0,0,0,0,0.0,NRG,24,6,1.0,"=IMAGE(""https://raw.githubusercontent.com/ByMykel/counter-strike-image-tracker/main/static/panorama/images/econ/stickers/cologne2026/sig_nitro_png.png"")",https://raw.githubusercontent.com/ByMykel/counter-strike-image-tracker/main/static/panorama/images/econ/stickers/cologne2026/sig_nitro_png.png,https://cs2tokens.com/iem-cologne-2026/items/sticker-nitr0-cologne-2026,Sticker | nitr0 | Cologne 2026,https://steamcommunity.com/market/listings/730/Sticker%20%7C%20nitr0%20%7C%20Cologne%202026,ok,11030.0,5316.0,12.0,iem-cologne-2026,campaign_12,sticker,Autograph,nitr0,NRG,rarity_rare,718f8b178507
11,58.5,P3,CHEAP HISTORY PUNT,huNter-,Player,Paper,G2 Esports,5,0.05,1-2 max,Very Cheap,Medium,6.0,0.6468,0.3084,0.5463,0.4559,0.3735,67.39999999999999,0.5617,8.37,25.0,80.0,-19.999999999999996,0.25,0.4746,0.0,0.0,0.65,0.0,0,1.0,0.55,80.0,400.0,0.047619047619047616,Neutral,+67% expected | 0.47 demand | 80% below high | 400% upside | -80% vs launch,"lower highs, unscored",Cheap punt; small size is acceptable even before full scoring.,False,25.0,-80.0,24.0,-79.16666666666666,25.0,7,0.0,-2.34,0.0,49,158.01,0.0,0.0,-2.53,0.0,-8.0,-0.05,0.2,0.0,39950.0,395124.0,4767.0,4456.0,0.000892,0.001993,138.73,-0.13,4.31,-10.45,0.000373,0.003432,0.5714285714285714,1.0,0.4236,0.00625,4.0,25.0,5.0,5.0,74,247.16,2026-06-01T23:05:16.832000,,,,,,,0,0,0,0,0.0,G2 Esports,24,6,1.0,"=IMAGE(""https://raw.githubusercontent.com/ByMykel/counter-strike-image-tracker/main/static/panorama/images/econ/stickers/cologne2026/sig_hunter_png.png"")",https://raw.githubusercontent.com/ByMykel/counter-strike-image-tracker/main/static/panorama/images/econ/stickers/cologne2026/sig_hunter_png.png,https://cs2tokens.com/iem-cologne-2026/items/sticker-hunter-cologne-2026,Sticker | huNter- | Cologne 2026,https://steamcommunity.com/market/listings/730/Sticker%20%7C%20huNter-%20%7C%20Cologne%202026,ok,10754.0,5316.0,12.0,iem-cologne-2026,campaign_12,sticker,Autograph,huNter-,G2 Esports,rarity_rare,8685ad1f7757
12,57.7,P3,CHEAP HISTORY PUNT,meyern,Player,Paper,9z Team,5,0.05,1-2 max,Very Cheap,Low,6.0,0.6579,0.3156,0.5491,0.4841,0.3181,88.99999999999999,0.7417,9.45,27.0,81.48148148148148,0.0,0.0,0.1099,0.0,0.0,0.65,0.0,0,1.0,0.5438,81.48148148148148,440.00000000000006,0.0,Neutral,+89% expected | 0.11 demand | 81% below high | 440% upside | -81% vs launch,"lower highs, unscored",Cheap punt; small size is acceptable even before full scoring.,False,26.0,-80.76923076923077,26.0,-80.76923076923077,3.85,10,0.0,-2.64,0.0,49,158.01,0.0,0.0,-2.83,0.0,-7.0,-0.0438,0.175,0.0,8014.0,360846.0,2276.0,820.0,0.000821,0.000367,-54.95,-0.98,-45.04,-100.88,7.7e-05,0.000632,0.39751552795031053,1.0,0.2327,0.06875,5.0,27.0,6.0,5.0,74,247.16,2026-06-01T23:05:16.832000,,,,,,,0,0,0,0,0.0,9z Team,24,6,1.0,"=IMAGE(""https://raw.githubusercontent.com/ByMykel/counter-strike-image-tracker/main/static/panorama/images/econ/stickers/cologne2026/sig_meyern_png.png"")",https://raw.githubusercontent.com/ByMykel/counter-strike-image-tracker/main/static/panorama/images/econ/stickers/cologne2026/sig_meyern_png.png,https://cs2tokens.com/iem-cologne-2026/items/sticker-meyern-cologne-2026,Sticker | meyern | Cologne 2026,https://steamcommunity.com/market/listings/730/Sticker%20%7C%20meyern%20%7C%20Cologne%202026,ok,10842.0,5316.0,12.0,iem-cologne-2026,campaign_12,sticker,Autograph,meyern,9z Team,rarity_rare,269e1dfc3edd
13,56.3,P3,SCORE FIRST,NQZ (Foil),Player,Foil,paiN Gaming,30,0.3,0 until scored,Very Cheap,Medium,6.0,0.6388,0.3146,0.5567,0.4372,0.4812,40.36666666666666,0.3364,42.11,127.0,76.37795275590551,-26.66666666666667,0.3333,0.6161,0.1392,0.0,0.65,0.0,0,1.0,0.523,76.37795275590551,323.3333333333333,0.0761904761904762,Demand rising while price soft,+40% expected | 0.62 demand | 76% below high | 323% upside | -76% vs launch,"lower highs, unscored",Potentially interesting; needs manual score.,False,127.0,-76.37795275590551,117.67,-74.50497153055154,40.91,1,0.0,-1.79,-1.65,50,158.0,-3.23,-6.96,-1.96,-3.32,0.0,0.0,0.0,0.0922,73162.0,409844.0,4823.0,-1505.0,0.000837,0.000673,-9.45,-0.25,44.97,26.98,0.000585,0.0,0.782608695652174,1.0,0.4091,0.05,22.0,127.0,29.0,30.33,74,247.16,2026-06-01T23:05:16.832000,,,,,,,0,0,0,0,0.0,paiN Gaming,24,6,1.0,"=IMAGE(""https://raw.githubusercontent.com/ByMykel/counter-strike-image-tracker/main/static/panorama/images/econ/stickers/cologne2026/sig_nqz_foil_png.png"")",https://raw.githubusercontent.com/ByMykel/counter-strike-image-tracker/main/static/panorama/images/econ/stickers/cologne2026/sig_nqz_foil_png.png,https://cs2tokens.com/iem-cologne-2026/items/sticker-nqz-foil-cologne-2026,Sticker | NQZ (Foil) | Cologne 2026,https://steamcommunity.com/market/listings/730/Sticker%20%7C%20NQZ%20%28Foil%29%20%7C%20Cologne%202026,ok,10799.0,5316.0,12.0,iem-cologne-2026,campaign_12,sticker,Autograph,NQZ,paiN Gaming,rarity_mythical,4522f5c72f9b
14,56.1,P3,SCORE FIRST,ryu,Player,Paper,Astralis,6,0.06,0 until scored,Very Cheap,Low,6.0,0.6024,0.3105,0.5529,0.4215,0.4969,40.000000000000014,0.3333,8.4,24.0,75.0,-16.666666666666664,0.2083,0.6137,0.0,0.0,0.65,0.0,0,1.0,0.5,75.0,300.0,0.05263157894736842,Neutral,+40% expected | 0.61 demand | 75% below high | 300% upside | -75% vs launch,"lower highs, unscored",Potentially interesting; needs manual score.,False,24.0,-75.0,23.0,-73.91304347826086,20.0,9,20.0,-1.9,9.38,51,158.01,20.0,43.15,-2.01,-0.0,21.0,0.1312,0.0,0.0,39742.0,380953.0,4054.0,1783.0,0.000728,0.000798,-16.02,-1.26,62.45,82.3,0.000347,0.001373,0.4968944099378882,1.0,0.3216,0.275,5.0,24.0,6.0,5.33,74,247.16,2026-06-01T23:05:16.832000,,,,,,,0,0,0,0,0.0,Astralis,24,6,1.0,"=IMAGE(""https://raw.githubusercontent.com/ByMykel/counter-strike-image-tracker/main/static/panorama/images/econ/stickers/cologne2026/sig_ryu_png.png"")",https://raw.githubusercontent.com/ByMykel/counter-strike-image-tracker/main/static/panorama/images/econ/stickers/cologne2026/sig_ryu_png.png,https://cs2tokens.com/iem-cologne-2026/items/sticker-ryu-cologne-2026,Sticker | ryu | Cologne 2026,https://steamcommunity.com/market/listings/730/Sticker%20%7C%20ryu%20%7C%20Cologne%202026,ok,10742.0,5316.0,12.0,iem-cologne-2026,campaign_12,sticker,Autograph,ryu,Astralis,rarity_rare,a07c512810c0
15,56.0,P3,SCORE FIRST,gr1ks (Foil),Player,Foil,BIG,32,0.32,0 until scored,Very Cheap,Low,6.0,0.6315,0.3115,0.5522,0.4464,0.4069,44.37500000000001,0.3698,46.2,128.0,75.0,-18.75,0.2344,0.5641,0.0,0.0,0.65,0.0,0,1.0,0.5062,75.0,300.0,0.058823529411764705,Demand rising while price soft,+44% expected | 0.56 demand | 75% below high | 300% upside | -75% vs launch,"lower highs, unscored",Potentially interesting; needs manual score.,False,128.0,-75.0,121.67,-73.69935070272047,23.08,3,0.0,-1.9,0.0,50,158.0,0.0,0.0,-2.09,-3.19,-1.0,-0.0063,0.025,0.0,39305.0,338140.0,3482.0,-384.0,0.000711,0.000172,-52.34,-0.65,49.05,113.09,0.00032,0.0,0.5341614906832298,1.0,0.2567,0.09375,26.0,128.0,32.0,32.0,74,247.16,2026-06-01T23:05:16.832000,,,,,,,0,0,0,0,0.0,BIG,24,6,1.0,"=IMAGE(""https://raw.githubusercontent.com/ByMykel/counter-strike-image-tracker/main/static/panorama/images/econ/stickers/cologne2026/sig_gr1ks_foil_png.png"")",https://raw.githubusercontent.com/ByMykel/counter-strike-image-tracker/main/static/panorama/images/econ/stickers/cologne2026/sig_gr1ks_foil_png.png,https://cs2tokens.com/iem-cologne-2026/items/sticker-gr1ks-foil-cologne-2026,Sticker | gr1ks (Foil) | Cologne 2026,https://steamcommunity.com/market/listings/730/Sticker%20%7C%20gr1ks%20%28Foil%29%20%7C%20Cologne%202026,ok,10951.0,5316.0,12.0,iem-cologne-2026,campaign_12,sticker,Autograph,gr1ks,BIG,rarity_mythical,00cc148ca86d
16,56.0,P3,SCORE FIRST,lauNX (Foil),Player,Foil,,40,0.4,0 until scored,Very Cheap,Medium,6.0,0.6473,0.3093,0.551,0.4434,0.4461,46.95,0.3913,58.78,158.0,74.68354430379746,-12.5,0.1562,0.5882,0.0,0.0,0.65,0.0,0,1.0,0.5,74.68354430379746,295.0,0.04065040650406504,Demand rising while price soft,+47% expected | 0.59 demand | 75% below high | 295% upside | -75% vs launch,"lower highs, unscored",Potentially interesting; needs manual score.,False,158.0,-74.68354430379746,149.33,-73.21368780553136,22.86,2,0.0,-1.76,0.0,48,158.0,0.0,0.0,-2.08,0.0,0.0,0.0,0.0,0.0,49276.0,353052.0,7779.0,598.0,0.000757,0.000268,-50.78,-1.08,31.18,51.62,0.000428,0.000461,0.6149068322981367,1.0,0.3894,0.13125,35.0,158.0,41.0,40.0,74,247.16,2026-06-01T23:05:16.832000,,,,,,,0,0,0,0,0.0,lauNX,4,1,0.25,"=IMAGE(""https://raw.githubusercontent.com/ByMykel/counter-strike-image-tracker/main/static/panorama/images/econ/stickers/cologne2026/sig_launx_foil_png.png"")",https://raw.githubusercontent.com/ByMykel/counter-strike-image-tracker/main/static/panorama/images/econ/stickers/cologne2026/sig_launx_foil_png.png,https://cs2tokens.com/iem-cologne-2026/items/sticker-launx-foil-cologne-2026,Sticker | lauNX (Foil) | Cologne 2026,https://steamcommunity.com/market/listings/730/Sticker%20%7C%20lauNX%20%28Foil%29%20%7C%20Cologne%202026,ok,10699.0,5316.0,12.0,iem-cologne-2026,campaign_12,sticker,Autograph,lauNX,,rarity_mythical,ad89784bfc38
17,56.0,P3,SCORE FIRST,woxic,Player,Paper,Aurora,7,0.07,0 until scored,Very Cheap,Low,6.0,0.5876,0.3175,0.5588,0.4217,0.4728,44.99999999999999,0.375,10.15,28.0,75.0,-14.28571428571429,0.1786,0.5235,0.0,0.0,0.65,0.0,0,1.0,0.5,75.0,300.0,0.045454545454545456,Neutral,+45% expected | 0.52 demand | 75% below high | 300% upside | -75% vs launch,"lower highs, unscored",Potentially interesting; needs manual score.,False,28.0,-75.0,26.67,-73.75328083989501,16.67,8,0.0,-2.18,-0.0,49,158.01,16.67,35.96,-2.5,7.89,11.0,0.0688,0.0,0.0,26701.0,353829.0,2279.0,-499.0,0.000727,0.000223,-74.89,-1.35,66.49,103.95,0.000217,0.0,0.36645962732919257,1.0,0.1887,0.43125,6.0,28.0,6.5,7.0,74,247.16,2026-06-01T23:05:16.832000,,,,,,,0,0,0,0,0.0,Aurora,24,6,1.0,"=IMAGE(""https://raw.githubusercontent.com/ByMykel/counter-strike-image-tracker/main/static/panorama/images/econ/stickers/cologne2026/sig_woxic_png.png"")",https://raw.githubusercontent.com/ByMykel/counter-strike-image-tracker/main/static/panorama/images/econ/stickers/cologne2026/sig_woxic_png.png,https://cs2tokens.com/iem-cologne-2026/items/sticker-woxic-cologne-2026,Sticker | woxic | Cologne 2026,https://steamcommunity.com/market/listings/730/Sticker%20%7C%20woxic%20%7C%20Cologne%202026,ok,10650.0,5316.0,12.0,iem-cologne-2026,campaign_12,sticker,Autograph,woxic,Aurora,rarity_rare,7cb6ac892039
18,55.5,P3,SCORE FIRST,yxngstxr,Player,Paper,HEROIC,5,0.05,0 until scored,Very Cheap,Low,6.0,0.6107,0.3144,0.5478,0.447,0.3972,48.0,0.4,7.4,21.0,76.19047619047619,-19.999999999999996,0.25,0.5387,0.0,0.0,0.65,0.0,0,1.0,0.5625,76.19047619047619,320.0,0.058823529411764705,Demand rising while price soft,+48% expected | 0.54 demand | 76% below high | 320% upside | -76% vs launch,"lower highs, unscored",Potentially interesting; needs manual score.,False,21.0,-76.19047619047619,19.33,-74.13347128815313,25.0,6,0.0,-2.01,0.0,51,158.01,0.0,0.0,-2.02,-10.71,-10.0,-0.0625,0.25,0.0,31184.0,372106.0,3028.0,-799.0,0.000782,0.000357,-62.29,-0.63,79.55,110.93,0.000268,0.0,0.4409937888198758,1.0,0.2483,0.1125,4.0,21.0,5.0,5.0,74,247.16,2026-06-01T23:05:16.832000,,,,,,,0,0,0,0,0.0,HEROIC,24,6,1.0,"=IMAGE(""https://raw.githubusercontent.com/ByMykel/counter-strike-image-tracker/main/static/panorama/images/econ/stickers/cologne2026/sig_yxngstxr_png.png"")",https://raw.githubusercontent.com/ByMykel/counter-strike-image-tracker/main/static/panorama/images/econ/stickers/cologne2026/sig_yxngstxr_png.png,https://cs2tokens.com/iem-cologne-2026/items/sticker-yxngstxr-cologne-2026,Sticker | yxngstxr | Cologne 2026,https://steamcommunity.com/market/listings/730/Sticker%20%7C%20yxngstxr%20%7C%20Cologne%202026,ok,10910.0,5316.0,12.0,iem-cologne-2026,campaign_12,sticker,Autograph,yxngstxr,HEROIC,rarity_rare,a87afad6ca47
19,55.2,P3,SCORE FIRST,max (Foil),Player,Foil,9z Team,58,0.57,0 until scored,Very Cheap,Low,6.0,0.5671,0.3013,0.5305,0.4135,0.4212,26.44827586206897,0.2204,73.34,145.0,60.0,-8.62068965517241,0.1078,0.6838,0.0,0.0,0.65,0.0,0,1.0,0.5,60.0,150.0,0.05434782608695652,Neutral,+26% expected | 0.68 demand | 60% below high | 150% upside | -60% vs launch,"lower highs, unscored",Potentially interesting; needs manual score.,False,145.0,-60.0,139.33,-58.37220986147995,16.98,5,1.75,-1.14,0.87,48,158.0,1.75,3.79,-1.43,3.46,3.0,0.0187,0.0,0.0,41300.0,263230.0,5402.0,2115.0,0.000601,0.000946,80.17,-0.1,67.38,30.79,0.000296,0.001629,0.20496894409937888,1.0,0.1943,0.39375,53.0,145.0,60.0,57.33,74,247.16,2026-06-01T23:05:16.832000,,,,,,,0,0,0,0,0.0,9z Team,24,6,1.0,"=IMAGE(""https://raw.githubusercontent.com/ByMykel/counter-strike-image-tracker/main/static/panorama/images/econ/stickers/cologne2026/sig_max_foil_png.png"")",https://raw.githubusercontent.com/ByMykel/counter-strike-image-tracker/main/static/panorama/images/econ/stickers/cologne2026/sig_max_foil_png.png,https://cs2tokens.com/iem-cologne-2026/items/sticker-max-foil-cologne-2026,Sticker | max (Foil) | Cologne 2026,https://steamcommunity.com/market/listings/730/Sticker%20%7C%20max%20%28Foil%29%20%7C%20Cologne%202026,ok,10835.0,5316.0,12.0,iem-cologne-2026,campaign_12,sticker,Autograph,max,9z Team,rarity_mythical,7a39d8f52ea5
20,55.0,P3,SCORE FIRST,venomzera (Foil),Player,Foil,MIBR,31,0.31,0 until scored,Very Cheap,Medium,6.0,0.6244,0.3074,0.5315,0.4391,0.4014,31.387096774193534,0.2616,40.73,107.0,71.02803738317756,-16.129032258064512,0.2016,0.6162,0.2123,0.0,0.65,0.0,0,1.0,0.5808,71.02803738317756,245.16129032258064,0.06172839506172839,Demand rising while price soft,+31% expected | 0.62 demand | 71% below high | 245% upside | -71% vs launch,"lower highs, unscored",Potentially interesting; needs manual score.,False,107.0,-71.02803738317758,99.33,-68.79089902345716,34.62,3,-3.12,-1.22,-1.58,50,158.0,-6.06,-13.08,-1.35,-6.03,-6.0,-0.0375,0.15,0.1732,63280.0,352451.0,6483.0,-1896.0,0.00075,0.000848,20.27,0.91,28.41,69.77,0.000518,0.0,0.5962732919254659,1.0,0.3753,0.06875,26.0,107.0,32.0,31.67,74,247.16,2026-06-01T23:05:16.832000,,,,,,,0,0,0,0,0.0,MIBR,24,6,1.0,"=IMAGE(""https://raw.githubusercontent.com/ByMykel/counter-strike-image-tracker/main/static/panorama/images/econ/stickers/cologne2026/sig_venomzera_foil_png.png"")",https://raw.githubusercontent.com/ByMykel/counter-strike-image-tracker/main/static/panorama/images/econ/stickers/cologne2026/sig_venomzera_foil_png.png,https://cs2tokens.com/iem-cologne-2026/items/sticker-venomzera-foil-cologne-2026,Sticker | venomzera (Foil) | Cologne 2026,https://steamcommunity.com/market/listings/730/Sticker%20%7C%20venomzera%20%28Foil%29%20%7C%20Cologne%202026,ok,10987.0,5316.0,12.0,iem-cologne-2026,campaign_12,sticker,Autograph,venomzera,MIBR,rarity_mythical,3647fbfc23b0
21,54.7,P3,SCORE FIRST,LNZ (Foil),Player,Foil,MIBR,28,0.28,0 until scored,Very Cheap,Medium,6.0,0.6352,0.3004,0.5351,0.4331,0.4103,38.89285714285715,0.3241,38.89,107.0,73.83177570093457,-21.42857142857143,0.2679,0.6254,0.1488,0.0,0.65,0.0,0,1.0,0.5309,73.83177570093457,282.14285714285717,0.07058823529411765,Demand rising while price soft,+39% expected | 0.63 demand | 74% below high | 282% upside | -74% vs launch,"lower highs, unscored",Potentially interesting; needs manual score.,False,107.0,-73.83177570093457,98.67,-71.6225803182325,36.36,5,0.0,-1.57,-1.76,50,158.0,-3.45,-7.44,-1.67,-5.13,-1.0,-0.0062,0.025,0.0985,67775.0,380230.0,6986.0,-1708.0,0.000883,0.000764,11.66,0.54,37.83,128.55,0.000562,0.0,0.7329192546583851,1.0,0.4418,0.01875,22.0,107.0,29.0,28.33,74,247.16,2026-06-01T23:05:16.832000,,,,,,,0,0,0,0,0.0,MIBR,24,6,1.0,"=IMAGE(""https://raw.githubusercontent.com/ByMykel/counter-strike-image-tracker/main/static/panorama/images/econ/stickers/cologne2026/sig_lnz_foil_png.png"")",https://raw.githubusercontent.com/ByMykel/counter-strike-image-tracker/main/static/panorama/images/econ/stickers/cologne2026/sig_lnz_foil_png.png,https://cs2tokens.com/iem-cologne-2026/items/sticker-lnz-foil-cologne-2026,Sticker | LNZ (Foil) | Cologne 2026,https://steamcommunity.com/market/listings/730/Sticker%20%7C%20LNZ%20%28Foil%29%20%7C%20Cologne%202026,ok,10975.0,5316.0,12.0,iem-cologne-2026,campaign_12,sticker,Autograph,LNZ,MIBR,rarity_mythical,bc86d32e0174
22,54.7,P3,SCORE FIRST,Spinx,Player,Paper,MOUZ,6,0.06,0 until scored,Very Cheap,Low,6.0,0.6107,0.3087,0.5394,0.4265,0.4098,47.83333333333333,0.3986,8.87,26.0,76.92307692307693,-16.666666666666664,0.2083,0.5605,0.0,0.0,0.65,0.0,0,1.0,0.575,76.92307692307693,333.3333333333333,0.047619047619047616,Demand rising while price soft,+48% expected | 0.56 demand | 77% below high | 333% upside | -77% vs launch,"lower highs, unscored",Potentially interesting; needs manual score.,False,26.0,-76.92307692307692,24.33,-75.33908754623921,20.0,7,0.0,-1.99,0.0,49,158.01,0.0,0.0,-2.18,0.0,-12.0,-0.075,0.3,0.0,48886.0,400708.0,3572.0,-1522.0,0.000796,0.000681,-27.68,-0.59,32.51,44.65,0.000394,0.0,0.5962732919254659,1.0,0.3411,0.26875,5.0,26.0,6.0,6.0,74,247.16,2026-06-01T23:05:16.832000,,,,,,,0,0,0,0,0.0,MOUZ,24,6,1.0,"=IMAGE(""https://raw.githubusercontent.com/ByMykel/counter-strike-image-tracker/main/static/panorama/images/econ/stickers/cologne2026/sig_spinx_png.png"")",https://raw.githubusercontent.com/ByMykel/counter-strike-image-tracker/main/static/panorama/images/econ/stickers/cologne2026/sig_spinx_png.png,https://cs2tokens.com/iem-cologne-2026/items/sticker-spinx-cologne-2026,Sticker | Spinx | Cologne 2026,https://steamcommunity.com/market/listings/730/Sticker%20%7C%20Spinx%20%7C%20Cologne%202026,ok,10682.0,5316.0,12.0,iem-cologne-2026,campaign_12,sticker,Autograph,Spinx,MOUZ,rarity_rare,1470604af2ed
23,54.7,P3,SCORE FIRST,blameF (Foil),Player,Foil,BIG,50,0.5,0 until scored,Very Cheap,Low,6.0,0.5569,0.3016,0.5297,0.4143,0.4272,23.70000000000001,0.1975,61.85,133.0,62.40601503759399,-18.000000000000004,0.225,0.5861,0.0846,0.0,0.65,0.0,0,1.0,0.5265,62.40601503759399,166.0,0.09782608695652174,Demand rising while price soft,+24% expected | 0.59 demand | 62% below high | 166% upside | -62% vs launch,"lower highs, unscored",Potentially interesting; needs manual score.,False,130.0,-61.53846153846154,126.33,-60.42111929074645,24.39,2,0.0,-1.13,-0.99,48,158.0,-1.96,-4.23,-1.45,-2.97,-2.0,-0.0125,0.05,0.056,43830.0,268568.0,2846.0,-539.0,0.000558,0.000241,-29.18,-0.61,81.36,165.61,0.000363,0.0,0.22981366459627328,1.0,0.1218,0.24375,41.0,133.0,50.0,50.33,74,247.16,2026-06-01T23:05:16.832000,,,,,,,0,0,0,0,0.0,BIG,24,6,1.0,"=IMAGE(""https://raw.githubusercontent.com/ByMykel/counter-strike-image-tracker/main/static/panorama/images/econ/stickers/cologne2026/sig_blamef_foil_png.png"")",https://raw.githubusercontent.com/ByMykel/counter-strike-image-tracker/main/static/panorama/images/econ/stickers/cologne2026/sig_blamef_foil_png.png,https://cs2tokens.com/iem-cologne-2026/items/sticker-blamef-foil-cologne-2026,Sticker | blameF (Foil) | Cologne 2026,https://steamcommunity.com/market/listings/730/Sticker%20%7C%20blameF%20%28Foil%29%20%7C%20Cologne%202026,ok,10947.0,5316.0,12.0,iem-cologne-2026,campaign_12,sticker,Autograph,blameF,BIG,rarity_mythical,12f02368d715
24,54.7,P3,SCORE FIRST,Starry (Foil),Player,Foil,Lynn Vision,60,0.59,0 until scored,Very Cheap,Low,6.0,0.5409,0.3022,0.5167,0.4117,0.4384,22.183333333333334,0.1849,73.31,117.0,48.717948717948715,0.0,0.0,0.6115,0.0708,0.0,0.65,0.0,0,1.0,0.5117,48.717948717948715,95.0,0.0,Demand rising while price soft,+22% expected | 0.61 demand | 49% below high | 95% upside | -49% vs launch,"lower highs, unscored",Potentially interesting; needs manual score.,False,117.0,-48.71794871794872,113.33,-47.05726639018795,22.58,9,0.0,-0.58,0.0,48,158.0,-1.64,-3.54,-0.71,3.55,1.0,0.0062,0.0,0.0468,42517.0,207810.0,7609.0,-1052.0,0.000658,0.000471,484.55,1.67,100.09,127.98,0.000309,0.0,0.055900621118012424,1.0,0.1511,0.4125,60.0,117.0,71.5,60.0,74,247.16,2026-06-01T23:05:16.832000,,,,,,,0,0,0,0,0.0,Lynn Vision,24,6,1.0,"=IMAGE(""https://raw.githubusercontent.com/ByMykel/counter-strike-image-tracker/main/static/panorama/images/econ/stickers/cologne2026/sig_starry_foil_png.png"")",https://raw.githubusercontent.com/ByMykel/counter-strike-image-tracker/main/static/panorama/images/econ/stickers/cologne2026/sig_starry_foil_png.png,https://cs2tokens.com/iem-cologne-2026/items/sticker-starry-foil-cologne-2026,Sticker | Starry (Foil) | Cologne 2026,https://steamcommunity.com/market/listings/730/Sticker%20%7C%20Starry%20%28Foil%29%20%7C%20Cologne%202026,ok,11123.0,5316.0,12.0,iem-cologne-2026,campaign_12,sticker,Autograph,Starry,Lynn Vision,rarity_mythical,82b7847d9814
25,54.5,P3,SCORE FIRST,biguzera (Foil),Player,Foil,paiN Gaming,28,0.28,0 until scored,Very Cheap,Medium,6.0,0.6436,0.2955,0.538,0.4235,0.4241,45.50000000000001,0.3792,40.74,129.0,78.29457364341084,-25.0,0.3125,0.5791,0.0,0.0,0.65,0.0,0,1.0,0.5,78.29457364341084,360.71428571428567,0.06481481481481481,Demand rising while price soft,+46% expected | 0.58 demand | 78% below high | 361% upside | -78% vs launch,"lower highs, unscored",Potentially interesting; needs manual score.,False,129.0,-78.29457364341086,119.33,-76.53565742059834,38.1,5,0.0,-1.92,-0.0,50,158.0,0.0,0.0,-2.03,1.76,0.0,0.0,0.0,0.0,62158.0,406036.0,6193.0,-1421.0,0.000807,0.000636,-14.51,-0.32,52.62,12.17,0.000489,0.0,0.7639751552795031,1.0,0.4311,0.0125,21.0,129.0,28.0,28.0,74,247.16,2026-06-01T23:05:16.832000,,,,,,,0,0,0,0,0.0,paiN Gaming,24,6,1.0,"=IMAGE(""https://raw.githubusercontent.com/ByMykel/counter-strike-image-tracker/main/static/panorama/images/econ/stickers/cologne2026/sig_biguzera_foil_png.png"")",https://raw.githubusercontent.com/ByMykel/counter-strike-image-tracker/main/static/panorama/images/econ/stickers/cologne2026/sig_biguzera_foil_png.png,https://cs2tokens.com/iem-cologne-2026/items/sticker-biguzera-foil-cologne-2026,Sticker | biguzera (Foil) | Cologne 2026,https://steamcommunity.com/market/listings/730/Sticker%20%7C%20biguzera%20%28Foil%29%20%7C%20Cologne%202026,ok,10795.0,5316.0,12.0,iem-cologne-2026,campaign_12,sticker,Autograph,biguzera,paiN Gaming,rarity_mythical,b30123f02c97
26,54.4,P3,SCORE FIRST,Rainwaker,Player,Paper,Monte,5,0.05,0 until scored,Very Cheap,Medium,6.0,0.6363,0.3031,0.5362,0.4367,0.4155,54.2,0.4517,7.71,23.0,78.26086956521739,-19.999999999999996,0.25,0.5648,0.0,0.0,0.65,0.0,0,1.0,0.575,78.26086956521739,359.99999999999994,0.05263157894736842,Demand rising while price soft,+54% expected | 0.56 demand | 78% below high | 360% upside | -78% vs launch,"lower highs, unscored",Potentially interesting; needs manual score.,False,23.0,-78.26086956521739,21.67,-76.92662667281957,25.0,9,0.0,-2.2,0.0,49,158.01,0.0,0.0,-2.45,0.0,-12.0,-0.075,0.3,0.0,77390.0,448918.0,5864.0,-926.0,0.001096,0.000414,-52.45,-0.12,65.95,102.18,0.000638,0.0,0.7639751552795031,1.0,0.4829,0.05,4.0,23.0,5.0,5.0,74,247.16,2026-06-01T23:05:16.832000,,,,,,,0,0,0,0,0.0,Monte,24,6,1.0,"=IMAGE(""https://raw.githubusercontent.com/ByMykel/counter-strike-image-tracker/main/static/panorama/images/econ/stickers/cologne2026/sig_rainwaker_png.png"")",https://raw.githubusercontent.com/ByMykel/counter-strike-image-tracker/main/static/panorama/images/econ/stickers/cologne2026/sig_rainwaker_png.png,https://cs2tokens.com/iem-cologne-2026/items/sticker-rainwaker-cologne-2026,Sticker | Rainwaker | Cologne 2026,https://steamcommunity.com/market/listings/730/Sticker%20%7C%20Rainwaker%20%7C%20Cologne%202026,ok,10814.0,5316.0,12.0,iem-cologne-2026,campaign_12,sticker,Autograph,Rainwaker,Monte,rarity_rare,e445b00745b3
27,54.4,P3,SCORE FIRST,gr1ks,Player,Paper,BIG,5,0.05,0 until scored,Very Cheap,Low,6.0,0.5986,0.3044,0.5313,0.4269,0.407,40.99999999999999,0.3417,7.05,20.0,75.0,-19.999999999999996,0.25,0.54,0.0,0.0,0.65,0.0,0,1.0,0.5875,75.0,300.0,0.0625,Demand rising while price soft,+41% expected | 0.54 demand | 75% below high | 300% upside | -75% vs launch,"lower highs, unscored",Potentially interesting; needs manual score.,False,20.0,-75.0,19.0,-73.6842105263158,25.0,8,0.0,-1.86,0.0,53,158.01,0.0,0.0,-1.96,0.0,-14.0,-0.0875,0.35,0.0,45937.0,391506.0,2883.0,-823.0,0.000753,0.000368,-60.0,-0.79,31.59,42.35,0.00037,0.0,0.5403726708074534,1.0,0.2839,0.13125,4.0,20.0,5.0,5.0,74,247.16,2026-06-01T23:05:16.832000,,,,,,,0,0,0,0,0.0,BIG,24,6,1.0,"=IMAGE(""https://raw.githubusercontent.com/ByMykel/counter-strike-image-tracker/main/static/panorama/images/econ/stickers/cologne2026/sig_gr1ks_png.png"")",https://raw.githubusercontent.com/ByMykel/counter-strike-image-tracker/main/static/panorama/images/econ/stickers/cologne2026/sig_gr1ks_png.png,https://cs2tokens.com/iem-cologne-2026/items/sticker-gr1ks-cologne-2026,Sticker | gr1ks | Cologne 2026,https://steamcommunity.com/market/listings/730/Sticker%20%7C%20gr1ks%20%7C%20Cologne%202026,ok,10950.0,5316.0,12.0,iem-cologne-2026,campaign_12,sticker,Autograph,gr1ks,BIG,rarity_rare,cbcb0b5ca428
28,54.3,P3,SCORE FIRST,faveN,Player,Paper,BIG,5,0.05,0 until scored,Very Cheap,Low,6.0,0.5946,0.3003,0.5311,0.4243,0.3958,39.80000000000001,0.3317,6.99,20.0,75.0,-19.999999999999996,0.25,0.5416,0.0,0.0,0.65,0.0,0,1.0,0.55,75.0,300.0,0.0625,Demand rising while price soft,+40% expected | 0.54 demand | 75% below high | 300% upside | -75% vs launch,"lower highs, unscored",Potentially interesting; needs manual score.,False,20.0,-75.0,18.67,-73.21906802356722,25.0,8,0.0,-1.94,0.0,53,158.01,0.0,0.0,-2.02,-10.71,-8.0,-0.05,0.2,0.0,40465.0,380073.0,2849.0,-719.0,0.000697,0.000322,-65.86,-0.97,88.75,98.91,0.000334,0.0,0.484472049689441,1.0,0.2532,0.125,4.0,20.0,5.0,5.0,74,247.16,2026-06-01T23:05:16.832000,,,,,,,0,0,0,0,0.0,BIG,24,6,1.0,"=IMAGE(""https://raw.githubusercontent.com/ByMykel/counter-strike-image-tracker/main/static/panorama/images/econ/stickers/cologne2026/sig_faven_png.png"")",https://raw.githubusercontent.com/ByMykel/counter-strike-image-tracker/main/static/panorama/images/econ/stickers/cologne2026/sig_faven_png.png,https://cs2tokens.com/iem-cologne-2026/items/sticker-faven-cologne-2026,Sticker | faveN | Cologne 2026,https://steamcommunity.com/market/listings/730/Sticker%20%7C%20faveN%20%7C%20Cologne%202026,ok,10942.0,5316.0,12.0,iem-cologne-2026,campaign_12,sticker,Autograph,faveN,BIG,rarity_rare,7db933adfbeb
29,54.3,P3,SCORE FIRST,Heavygod (Foil),Player,Foil,G2 Esports,49,0.49,0 until scored,Very Cheap,Low,6.0,0.5796,0.2919,0.5252,0.4079,0.3964,27.57142857142856,0.2298,62.51,148.0,66.8918918918919,-18.36734693877551,0.2296,0.6484,0.0,0.0,0.65,0.0,0,1.0,0.5,66.8918918918919,202.0408163265306,0.08333333333333333,Neutral,+28% expected | 0.65 demand | 67% below high | 202% upside | -66% vs launch,"lower highs, unscored",Potentially interesting; needs manual score.,False,146.0,-66.43835616438356,139.67,-64.91730507625115,22.5,4,0.0,-1.47,0.0,48,158.0,2.08,4.5,-1.77,-1.18,5.0,0.0312,0.0,0.0,45088.0,298020.0,3340.0,1707.0,0.000634,0.000764,36.95,-0.08,27.86,91.45,0.00039,0.001315,0.37888198757763975,1.0,0.2224,0.23125,40.0,148.0,46.5,49.0,74,247.16,2026-06-01T23:05:16.832000,,,,,,,0,0,0,0,0.0,G2 Esports,24,6,1.0,"=IMAGE(""https://raw.githubusercontent.com/ByMykel/counter-strike-image-tracker/main/static/panorama/images/econ/stickers/cologne2026/sig_heavygod_foil_png.png"")",https://raw.githubusercontent.com/ByMykel/counter-strike-image-tracker/main/static/panorama/images/econ/stickers/cologne2026/sig_heavygod_foil_png.png,https://cs2tokens.com/iem-cologne-2026/items/sticker-heavygod-foil-cologne-2026,Sticker | Heavygod (Foil) | Cologne 2026,https://steamcommunity.com/market/listings/730/Sticker%20%7C%20Heavygod%20%28Foil%29%20%7C%20Cologne%202026,ok,10759.0,5316.0,12.0,iem-cologne-2026,campaign_12,sticker,Autograph,Heavygod,G2 Esports,rarity_mythical,1b517ac4fb4e
30,54.0,P3,SCORE FIRST,saadzin,Player,Paper,Legacy,5,0.05,0 until scored,Very Cheap,Medium,6.0,0.6309,0.2958,0.5307,0.4314,0.3956,50.2,0.4183,7.51,23.0,78.26086956521739,-19.999999999999996,0.25,0.5697,0.0,0.0,0.65,0.0,0,1.0,0.5438,78.26086956521739,359.99999999999994,0.05263157894736842,Demand rising while price soft,+50% expected | 0.57 demand | 78% below high | 360% upside | -78% vs launch,"lower highs, unscored",Potentially interesting; needs manual score.,False,23.0,-78.26086956521739,21.33,-76.55883731833099,25.0,8,0.0,-2.04,0.0,53,158.01,0.0,0.0,-2.02,0.0,-7.0,-0.0437,0.175,0.0,56830.0,422625.0,4957.0,2484.0,0.000872,0.001111,13.2,-0.66,21.08,13.67,0.000443,0.001913,0.6956521739130435,1.0,0.4513,0.01875,4.0,23.0,5.0,5.0,74,247.16,2026-06-01T23:05:16.832000,,,,,,,0,0,0,0,0.0,Legacy,24,6,1.0,"=IMAGE(""https://raw.githubusercontent.com/ByMykel/counter-strike-image-tracker/main/static/panorama/images/econ/stickers/cologne2026/sig_saadzin_png.png"")",https://raw.githubusercontent.com/ByMykel/counter-strike-image-tracker/main/static/panorama/images/econ/stickers/cologne2026/sig_saadzin_png.png,https://cs2tokens.com/iem-cologne-2026/items/sticker-saadzin-cologne-2026,Sticker | saadzin | Cologne 2026,https://steamcommunity.com/market/listings/730/Sticker%20%7C%20saadzin%20%7C%20Cologne%202026,ok,10786.0,5316.0,12.0,iem-cologne-2026,campaign_12,sticker,Autograph,saadzin,Legacy,rarity_rare,2bcfc85e0a54
31,53.2,P3,SCORE FIRST,cmtry (Foil),Player,Foil,,43,0.43,0 until scored,Very Cheap,Low,6.0,0.5984,0.2891,0.5178,0.3995,0.4361,33.23255813953487,0.2769,57.29,149.0,71.14093959731544,-18.6046511627907,0.2326,0.5131,0.088,0.0,0.65,0.0,0,1.0,0.535,71.14093959731544,246.51162790697674,0.07017543859649122,Demand rising while price soft,+33% expected | 0.51 demand | 71% below high | 247% upside | -71% vs launch,"lower highs, unscored",Potentially interesting; needs manual score.,False,149.0,-71.14093959731544,138.33,-68.91491361237621,25.71,2,0.0,-1.49,-0.0,48,158.0,-2.27,-4.9,-1.8,-1.17,-3.0,-0.0187,0.075,0.0649,48577.0,328993.0,7308.0,-1264.0,0.000652,0.000565,-16.01,-0.76,31.42,-29.62,0.000385,0.0,0.5031055900621118,1.0,0.3421,0.16875,35.0,149.0,43.0,43.0,74,247.16,2026-06-01T23:05:16.832000,,,,,,,0,0,0,0,0.0,cmtry,4,1,0.25,"=IMAGE(""https://raw.githubusercontent.com/ByMykel/counter-strike-image-tracker/main/static/panorama/images/econ/stickers/cologne2026/sig_cmtry_foil_png.png"")",https://raw.githubusercontent.com/ByMykel/counter-strike-image-tracker/main/static/panorama/images/econ/stickers/cologne2026/sig_cmtry_foil_png.png,https://cs2tokens.com/iem-cologne-2026/items/sticker-cmtry-foil-cologne-2026,Sticker | cmtry (Foil) | Cologne 2026,https://steamcommunity.com/market/listings/730/Sticker%20%7C%20cmtry%20%28Foil%29%20%7C%20Cologne%202026,ok,10707.0,5316.0,12.0,iem-cologne-2026,campaign_12,sticker,Autograph,cmtry,,rarity_mythical,8144736cc432
32,53.2,P3,SCORE FIRST,Techno4K,Player,Paper,The MongolZ,7,0.07,0 until scored,Very Cheap,Medium,6.0,0.5833,0.2841,0.5263,0.3674,0.4761,39.7142857142857,0.331,9.78,28.0,75.0,-28.57142857142857,0.3571,0.7391,0.0,0.0,0.65,0.0,0,1.0,0.5,75.0,300.0,0.08695652173913043,Neutral,+40% expected | 0.74 demand | 75% below high | 300% upside | -75% vs launch,"lower highs, unscored",Potentially interesting; needs manual score.,False,28.0,-75.0,26.67,-73.75328083989501,40.0,10,0.0,-2.22,-0.0,49,158.01,16.67,35.96,-2.47,7.89,13.0,0.0812,0.0,0.0,68245.0,414372.0,13857.0,13857.0,0.000962,0.006199,584.58,0.93,42.03,44.63,0.000639,0.010672,0.6459627329192547,1.0,0.542,0.41875,5.0,28.0,6.0,7.0,74,247.16,2026-06-01T23:05:16.832000,,,,,,,0,0,0,0,0.0,The MongolZ,24,6,1.0,"=IMAGE(""https://raw.githubusercontent.com/ByMykel/counter-strike-image-tracker/main/static/panorama/images/econ/stickers/cologne2026/sig_techno4k_png.png"")",https://raw.githubusercontent.com/ByMykel/counter-strike-image-tracker/main/static/panorama/images/econ/stickers/cologne2026/sig_techno4k_png.png,https://cs2tokens.com/iem-cologne-2026/items/sticker-techno4k-cologne-2026,Sticker | Techno4K | Cologne 2026,https://steamcommunity.com/market/listings/730/Sticker%20%7C%20Techno4K%20%7C%20Cologne%202026,ok,10598.0,5316.0,12.0,iem-cologne-2026,campaign_12,sticker,Autograph,Techno4K,The MongolZ,rarity_rare,5061498f9f01
33,53.0,P3,SCORE FIRST,nota (Foil),Player,Foil,PARIVISION,55,0.54,0 until scored,Very Cheap,Low,6.0,0.552,0.2884,0.5159,0.3732,0.4634,22.236363636363656,0.1853,67.23,161.0,65.83850931677019,-29.09090909090909,0.3636,0.641,0.1514,0.0,0.65,0.0,0,1.0,0.5563,65.83850931677019,192.72727272727272,0.13114754098360656,Demand rising while price soft,+22% expected | 0.64 demand | 66% below high | 193% upside | -66% vs launch,"lower highs, unscored",Potentially interesting; needs manual score.,False,161.0,-65.83850931677019,150.0,-63.33333333333333,46.15,1,-1.79,-1.01,-0.9,50,158.0,-3.51,-7.57,-1.17,-4.45,-5.0,-0.0312,0.125,0.1003,77191.0,346606.0,4350.0,-2010.0,0.000744,0.000899,49.77,0.01,41.95,55.55,0.000616,0.0,0.5838509316770186,1.0,0.3255,0.3375,39.0,161.0,54.0,55.67,74,247.16,2026-06-01T23:05:16.832000,,,,,,,0,0,0,0,0.0,PARIVISION,24,6,1.0,"=IMAGE(""https://raw.githubusercontent.com/ByMykel/counter-strike-image-tracker/main/static/panorama/images/econ/stickers/cologne2026/sig_nota_foil_png.png"")",https://raw.githubusercontent.com/ByMykel/counter-strike-image-tracker/main/static/panorama/images/econ/stickers/cologne2026/sig_nota_foil_png.png,https://cs2tokens.com/iem-cologne-2026/items/sticker-nota-foil-cologne-2026,Sticker | nota (Foil) | Cologne 2026,https://steamcommunity.com/market/listings/730/Sticker%20%7C%20nota%20%28Foil%29%20%7C%20Cologne%202026,ok,10619.0,5316.0,12.0,iem-cologne-2026,campaign_12,sticker,Autograph,nota,PARIVISION,rarity_mythical,d948e309bd18
34,52.9,P3,SCORE FIRST,kisserek (Foil),Player,Foil,,51,0.5,0 until scored,Very Cheap,Low,6.0,0.5313,0.2765,0.5064,0.386,0.3995,19.803921568627448,0.165,61.1,117.0,56.41025641025641,-21.568627450980394,0.2696,0.7385,0.0,0.0,0.65,0.0,0,1.0,0.5,56.41025641025641,129.41176470588235,0.14285714285714285,Neutral,+20% expected | 0.74 demand | 56% below high | 129% upside | -55% vs launch,"lower highs, unscored",Potentially interesting; needs manual score.,False,113.0,-54.86725663716814,112.0,-54.46428571428572,25.0,5,2.0,-1.37,0.99,48,158.0,6.25,13.49,-1.86,-2.56,8.0,0.05,0.0,0.0,52738.0,270471.0,5695.0,3578.0,0.000739,0.001601,222.5,0.93,40.19,41.88,0.000478,0.002756,0.2360248447204969,1.0,0.2356,0.26875,40.0,117.0,48.0,50.33,74,247.16,2026-06-01T23:05:16.832000,,,,,,,0,0,0,0,0.0,kisserek,4,1,0.25,"=IMAGE(""https://raw.githubusercontent.com/ByMykel/counter-strike-image-tracker/main/static/panorama/images/econ/stickers/cologne2026/sig_kisserek_foil_png.png"")",https://raw.githubusercontent.com/ByMykel/counter-strike-image-tracker/main/static/panorama/images/econ/stickers/cologne2026/sig_kisserek_foil_png.png,https://cs2tokens.com/iem-cologne-2026/items/sticker-kisserek-foil-cologne-2026,Sticker | kisserek (Foil) | Cologne 2026,https://steamcommunity.com/market/listings/730/Sticker%20%7C%20kisserek%20%28Foil%29%20%7C%20Cologne%202026,ok,11007.0,5316.0,12.0,iem-cologne-2026,campaign_12,sticker,Autograph,kisserek,,rarity_mythical,577e4d3ce1e2
35,52.7,P3,SCORE FIRST,felps,Player,Paper,,5,0.05,0 until scored,Very Cheap,Low,6.0,0.5599,0.2846,0.5111,0.3959,0.4042,32.60000000000001,0.2717,6.63,16.0,68.75,-19.999999999999996,0.25,0.5658,0.0,0.0,0.65,0.0,0,1.0,0.5438,68.75,220.00000000000003,0.08333333333333333,Demand rising while price soft,+33% expected | 0.57 demand | 69% below high | 220% upside | -69% vs launch,"lower highs, unscored",Potentially interesting; needs manual score.,False,16.0,-68.75,15.33,-67.38421395955643,25.0,7,0.0,-1.56,0.0,53,158.01,0.0,0.0,-1.65,0.0,-7.0,-0.0437,0.175,0.0,37377.0,336758.0,4852.0,-1545.0,0.000654,0.000691,-29.54,-0.08,35.46,49.17,0.000319,0.0,0.3105590062111801,1.0,0.2697,0.2,4.0,16.0,5.0,5.0,74,247.16,2026-06-01T23:05:16.832000,,,,,,,0,0,0,0,0.0,felps,4,1,0.25,"=IMAGE(""https://raw.githubusercontent.com/ByMykel/counter-strike-image-tracker/main/static/panorama/images/econ/stickers/cologne2026/sig_felps_png.png"")",https://raw.githubusercontent.com/ByMykel/counter-strike-image-tracker/main/static/panorama/images/econ/stickers/cologne2026/sig_felps_png.png,https://cs2tokens.com/iem-cologne-2026/items/sticker-felps-cologne-2026,Sticker | felps | Cologne 2026,https://steamcommunity.com/market/listings/730/Sticker%20%7C%20felps%20%7C%20Cologne%202026,ok,11078.0,5316.0,12.0,iem-cologne-2026,campaign_12,sticker,Autograph,felps,,rarity_rare,63c1d41f5841
36,52.6,P3,SCORE FIRST,insani,Player,Paper,MIBR,5,0.05,0 until scored,Very Cheap,Low,6.0,0.5826,0.2881,0.5155,0.4077,0.3737,43.599999999999994,0.3633,7.18,19.0,73.68421052631578,-19.999999999999996,0.25,0.473,0.0,0.0,0.65,0.0,0,1.0,0.55,73.68421052631578,280.0,0.06666666666666667,Demand rising while price soft,+44% expected | 0.47 demand | 74% below high | 280% upside | -74% vs launch,"lower highs, unscored",Potentially interesting; needs manual score.,False,19.0,-73.6842105263158,18.33,-72.72231314784506,25.0,10,0.0,-1.87,0.0,53,158.01,0.0,0.0,-1.97,0.0,-8.0,-0.05,0.2,0.0,57690.0,375374.0,2896.0,2233.0,0.000829,0.000999,5.4,-0.38,9.34,-0.31,0.000484,0.00172,0.4472049689440994,1.0,0.2756,0.15,4.0,19.0,5.0,5.0,74,247.16,2026-06-01T23:05:16.832000,,,,,,,0,0,0,0,0.0,MIBR,24,6,1.0,"=IMAGE(""https://raw.githubusercontent.com/ByMykel/counter-strike-image-tracker/main/static/panorama/images/econ/stickers/cologne2026/sig_insani_png.png"")",https://raw.githubusercontent.com/ByMykel/counter-strike-image-tracker/main/static/panorama/images/econ/stickers/cologne2026/sig_insani_png.png,https://cs2tokens.com/iem-cologne-2026/items/sticker-insani-cologne-2026,Sticker | insani | Cologne 2026,https://steamcommunity.com/market/listings/730/Sticker%20%7C%20insani%20%7C%20Cologne%202026,ok,10978.0,5316.0,12.0,iem-cologne-2026,campaign_12,sticker,Autograph,insani,MIBR,rarity_rare,87dad88cc097
37,52.6,P3,SCORE FIRST,nilo (Foil),Player,Foil,HEROIC,31,0.31,0 until scored,Very Cheap,Medium,6.0,0.5987,0.2754,0.5137,0.3809,0.4463,32.83870967741935,0.2737,41.18,116.0,73.27586206896551,-32.25806451612904,0.4032,0.618,0.0,0.0,0.65,0.0,0,1.0,0.5,73.27586206896551,274.19354838709677,0.10526315789473684,Demand rising while price soft,+33% expected | 0.62 demand | 73% below high | 274% upside | -73% vs launch,"lower highs, unscored",Potentially interesting; needs manual score.,False,116.0,-73.27586206896552,106.67,-70.93840817474454,52.38,2,-3.12,-1.56,-1.58,50,158.0,0.0,0.0,-1.68,-3.3,2.0,0.0125,0.0,0.0,91084.0,419454.0,6593.0,-1376.0,0.000991,0.000616,-14.26,0.32,85.13,101.44,0.000756,0.0,0.7888198757763976,1.0,0.4429,0.0625,21.0,116.0,30.5,31.67,74,247.16,2026-06-01T23:05:16.832000,,,,,,,0,0,0,0,0.0,HEROIC,24,6,1.0,"=IMAGE(""https://raw.githubusercontent.com/ByMykel/counter-strike-image-tracker/main/static/panorama/images/econ/stickers/cologne2026/sig_nilo_foil_png.png"")",https://raw.githubusercontent.com/ByMykel/counter-strike-image-tracker/main/static/panorama/images/econ/stickers/cologne2026/sig_nilo_foil_png.png,https://cs2tokens.com/iem-cologne-2026/items/sticker-nilo-foil-cologne-2026,Sticker | nilo (Foil) | Cologne 2026,https://steamcommunity.com/market/listings/730/Sticker%20%7C%20nilo%20%28Foil%29%20%7C%20Cologne%202026,ok,10899.0,5316.0,12.0,iem-cologne-2026,campaign_12,sticker,Autograph,nilo,HEROIC,rarity_mythical,4e4a3eeebe05
38,52.5,P3,SCORE FIRST,brnz4n,Player,Paper,MIBR,5,0.05,0 until scored,Very Cheap,Medium,6.0,0.5856,0.2834,0.5119,0.3984,0.3978,39.19999999999999,0.3267,6.96,19.0,73.68421052631578,-19.999999999999996,0.25,0.5348,0.0,0.0,0.65,0.0,0,1.0,0.5438,73.68421052631578,280.0,0.06666666666666667,Demand rising while price soft,+39% expected | 0.53 demand | 74% below high | 280% upside | -74% vs launch,"lower highs, unscored",Potentially interesting; needs manual score.,False,19.0,-73.6842105263158,18.0,-72.22222222222221,25.0,8,0.0,-1.7,0.0,53,158.01,0.0,0.0,-1.81,0.0,-7.0,-0.0437,0.175,0.0,49219.0,395070.0,4474.0,-1142.0,0.000839,0.000511,-47.62,0.09,26.21,46.8,0.000369,0.0,0.5652173913043478,1.0,0.3521,0.15625,4.0,19.0,5.0,5.0,74,247.16,2026-06-01T23:05:16.832000,,,,,,,0,0,0,0,0.0,MIBR,24,6,1.0,"=IMAGE(""https://raw.githubusercontent.com/ByMykel/counter-strike-image-tracker/main/static/panorama/images/econ/stickers/cologne2026/sig_brnz4n_png.png"")",https://raw.githubusercontent.com/ByMykel/counter-strike-image-tracker/main/static/panorama/images/econ/stickers/cologne2026/sig_brnz4n_png.png,https://cs2tokens.com/iem-cologne-2026/items/sticker-brnz4n-cologne-2026,Sticker | brnz4n | Cologne 2026,https://steamcommunity.com/market/listings/730/Sticker%20%7C%20brnz4n%20%7C%20Cologne%202026,ok,10982.0,5316.0,12.0,iem-cologne-2026,campaign_12,sticker,Autograph,brnz4n,MIBR,rarity_rare,500f70b9c859
39,52.5,P3,SCORE FIRST,yxngstxr (Foil),Player,Foil,HEROIC,39,0.39,0 until scored,Very Cheap,Low,6.0,0.5857,0.2755,0.5085,0.3887,0.4027,29.71794871794873,0.2476,50.59,127.0,69.29133858267717,-23.076923076923073,0.2885,0.6032,0.0,0.0,0.65,0.0,0,1.0,0.5,69.29133858267717,225.64102564102564,0.09278350515463918,Demand rising while price soft,+30% expected | 0.60 demand | 69% below high | 226% upside | -69% vs launch,"lower highs, unscored",Potentially interesting; needs manual score.,False,127.0,-69.29133858267717,118.33,-67.04132510774951,30.0,3,0.0,-1.35,-0.0,50,158.0,0.0,0.0,-1.62,-1.29,0.0,0.0,0.0,0.0,60271.0,333212.0,8073.0,509.0,0.000703,0.000228,-54.68,-0.88,97.26,175.55,0.000474,0.000392,0.515527950310559,1.0,0.3417,0.125,30.0,127.0,39.0,39.0,74,247.16,2026-06-01T23:05:16.832000,,,,,,,0,0,0,0,0.0,HEROIC,24,6,1.0,"=IMAGE(""https://raw.githubusercontent.com/ByMykel/counter-strike-image-tracker/main/static/panorama/images/econ/stickers/cologne2026/sig_yxngstxr_foil_png.png"")",https://raw.githubusercontent.com/ByMykel/counter-strike-image-tracker/main/static/panorama/images/econ/stickers/cologne2026/sig_yxngstxr_foil_png.png,https://cs2tokens.com/iem-cologne-2026/items/sticker-yxngstxr-foil-cologne-2026,Sticker | yxngstxr (Foil) | Cologne 2026,https://steamcommunity.com/market/listings/730/Sticker%20%7C%20yxngstxr%20%28Foil%29%20%7C%20Cologne%202026,ok,10911.0,5316.0,12.0,iem-cologne-2026,campaign_12,sticker,Autograph,yxngstxr,HEROIC,rarity_mythical,08ec9dd8c3ad
40,52.4,P3,SCORE FIRST,xfl0ud (Foil),Player,Foil,HEROIC,32,0.32,0 until scored,Very Cheap,Medium,6.0,0.6025,0.2752,0.5117,0.3864,0.4108,35.03125,0.2919,43.21,120.0,73.33333333333333,-28.125,0.3516,0.6056,0.0,0.0,0.65,0.0,0,1.0,0.5,73.33333333333333,275.0,0.09278350515463918,Demand rising while price soft,+35% expected | 0.61 demand | 73% below high | 275% upside | -73% vs launch,"lower highs, unscored",Potentially interesting; needs manual score.,False,120.0,-73.33333333333334,110.33,-70.99610260128705,43.48,5,0.0,-1.62,0.0,50,158.0,0.0,0.0,-1.8,-3.08,0.0,0.0,0.0,0.0,72844.0,386965.0,6699.0,-1071.0,0.000883,0.000479,-27.84,0.3,47.69,88.58,0.000586,0.0,0.7515527950310559,1.0,0.4252,0.0875,23.0,120.0,32.0,32.0,74,247.16,2026-06-01T23:05:16.832000,,,,,,,0,0,0,0,0.0,HEROIC,24,6,1.0,"=IMAGE(""https://raw.githubusercontent.com/ByMykel/counter-strike-image-tracker/main/static/panorama/images/econ/stickers/cologne2026/sig_xfl0ud_foil_png.png"")",https://raw.githubusercontent.com/ByMykel/counter-strike-image-tracker/main/static/panorama/images/econ/stickers/cologne2026/sig_xfl0ud_foil_png.png,https://cs2tokens.com/iem-cologne-2026/items/sticker-xfl0ud-foil-cologne-2026,Sticker | xfl0ud (Foil) | Cologne 2026,https://steamcommunity.com/market/listings/730/Sticker%20%7C%20xfl0ud%20%28Foil%29%20%7C%20Cologne%202026,ok,10895.0,5316.0,12.0,iem-cologne-2026,campaign_12,sticker,Autograph,xfl0ud,HEROIC,rarity_mythical,3fab67c23e28
41,52.4,P3,SCORE FIRST,Brollan,Player,Paper,MOUZ,6,0.06,0 until scored,Very Cheap,Medium,6.0,0.5934,0.2894,0.5146,0.3844,0.4081,44.66666666666666,0.3722,8.68,26.0,76.92307692307693,-33.333333333333336,0.4167,0.6566,0.0,0.0,0.65,0.0,0,1.0,0.625,76.92307692307693,333.3333333333333,0.09090909090909091,Demand rising while price soft,+45% expected | 0.66 demand | 77% below high | 333% upside | -77% vs launch,"lower highs, unscored",Potentially interesting; needs manual score.,False,26.0,-76.92307692307692,24.33,-75.33908754623921,50.0,7,0.0,-2.1,0.0,51,158.01,0.0,0.0,-2.17,-8.82,-20.0,-0.125,0.5,0.0,82275.0,442264.0,7433.0,2383.0,0.000998,0.001066,14.65,1.0,45.79,76.08,0.000761,0.001835,0.7515527950310559,1.0,0.5267,0.2625,4.0,26.0,6.0,6.0,74,247.16,2026-06-01T23:05:16.832000,,,,,,,0,0,0,0,0.0,MOUZ,24,6,1.0,"=IMAGE(""https://raw.githubusercontent.com/ByMykel/counter-strike-image-tracker/main/static/panorama/images/econ/stickers/cologne2026/sig_brollan_png.png"")",https://raw.githubusercontent.com/ByMykel/counter-strike-image-tracker/main/static/panorama/images/econ/stickers/cologne2026/sig_brollan_png.png,https://cs2tokens.com/iem-cologne-2026/items/sticker-brollan-cologne-2026,Sticker | Brollan | Cologne 2026,https://steamcommunity.com/market/listings/730/Sticker%20%7C%20Brollan%20%7C%20Cologne%202026,ok,10678.0,5316.0,12.0,iem-cologne-2026,campaign_12,sticker,Autograph,Brollan,MOUZ,rarity_rare,d2bd167c1a0f
42,52.2,P3,SCORE FIRST,kisserek,Player,Paper,,7,0.07,0 until scored,Very Cheap,Medium,6.0,0.5325,0.2794,0.5169,0.3521,0.4704,35.2857142857143,0.294,9.47,22.0,68.18181818181817,-28.57142857142857,0.3571,0.6567,0.0,0.0,0.65,0.0,0,1.0,0.5,68.18181818181817,214.28571428571428,0.11764705882352941,Neutral,+35% expected | 0.66 demand | 68% below high | 214% upside | -67% vs launch,"lower highs, unscored",Potentially interesting; needs manual score.,False,21.0,-66.66666666666667,21.67,-67.6972773419474,20.0,10,16.67,-2.15,7.89,49,158.01,16.67,35.96,-2.39,7.89,11.0,0.0687,0.0,0.0,43430.0,348068.0,6252.0,6252.0,0.00093,0.002797,352.73,0.13,49.62,-12.29,0.0004,0.004815,0.35403726708074534,1.0,0.3688,0.525,5.0,22.0,6.0,6.33,74,247.16,2026-06-01T23:05:16.832000,,,,,,,0,0,0,0,0.0,kisserek,4,1,0.25,"=IMAGE(""https://raw.githubusercontent.com/ByMykel/counter-strike-image-tracker/main/static/panorama/images/econ/stickers/cologne2026/sig_kisserek_png.png"")",https://raw.githubusercontent.com/ByMykel/counter-strike-image-tracker/main/static/panorama/images/econ/stickers/cologne2026/sig_kisserek_png.png,https://cs2tokens.com/iem-cologne-2026/items/sticker-kisserek-cologne-2026,Sticker | kisserek | Cologne 2026,https://steamcommunity.com/market/listings/730/Sticker%20%7C%20kisserek%20%7C%20Cologne%202026,ok,11006.0,5316.0,12.0,iem-cologne-2026,campaign_12,sticker,Autograph,kisserek,,rarity_rare,79cd43bd2e40
43,52.0,P3,SCORE FIRST,Krabeni (Foil),Player,Foil,,41,0.41,0 until scored,Very Cheap,Medium,6.0,0.6073,0.2811,0.5087,0.3865,0.4231,38.70731707317072,0.3226,56.87,152.0,73.02631578947368,-26.82926829268293,0.3354,0.5667,0.1116,0.0,0.65,0.0,0,1.0,0.5645,73.02631578947368,270.7317073170732,0.09016393442622951,Demand rising while price soft,+39% expected | 0.57 demand | 73% below high | 271% upside | -73% vs launch,"lower highs, unscored",Potentially interesting; needs manual score.,False,152.0,-73.02631578947368,142.67,-71.26235368332516,46.67,2,0.0,-1.54,-1.21,48,158.0,-4.65,-10.04,-1.82,-4.66,-5.0,-0.0312,0.125,0.1329,83785.0,407731.0,10415.0,-1813.0,0.000944,0.000811,33.67,0.04,19.45,30.52,0.000658,0.0,0.7763975155279503,1.0,0.513,0.14375,30.0,152.0,43.0,41.33,74,247.16,2026-06-01T23:05:16.832000,,,,,,,0,0,0,0,0.0,Krabeni,4,1,0.25,"=IMAGE(""https://raw.githubusercontent.com/ByMykel/counter-strike-image-tracker/main/static/panorama/images/econ/stickers/cologne2026/sig_krabeni_foil_png.png"")",https://raw.githubusercontent.com/ByMykel/counter-strike-image-tracker/main/static/panorama/images/econ/stickers/cologne2026/sig_krabeni_foil_png.png,https://cs2tokens.com/iem-cologne-2026/items/sticker-krabeni-foil-cologne-2026,Sticker | Krabeni (Foil) | Cologne 2026,https://steamcommunity.com/market/listings/730/Sticker%20%7C%20Krabeni%20%28Foil%29%20%7C%20Cologne%202026,ok,10703.0,5316.0,12.0,iem-cologne-2026,campaign_12,sticker,Autograph,Krabeni,,rarity_mythical,5362dfbc88a8
44,52.0,P3,SCORE FIRST,MATYS (Foil),Player,Foil,G2 Esports,32,0.32,0 until scored,Very Cheap,Medium,6.0,0.612,0.2742,0.5141,0.3803,0.4194,43.40625,0.3617,45.89,134.0,76.11940298507463,-34.375,0.4297,0.5869,0.0,0.0,0.65,0.0,0,1.0,0.5,76.11940298507463,318.75,0.09734513274336283,Demand rising while price soft,+43% expected | 0.59 demand | 76% below high | 319% upside | -76% vs launch,"lower highs, unscored",Potentially interesting; needs manual score.,False,134.0,-76.11940298507463,125.67,-74.53648444338347,61.9,6,0.0,-1.84,0.0,50,158.0,0.0,0.0,-2.01,-6.06,0.0,0.0,0.0,0.0,103298.0,473856.0,10560.0,-288.0,0.001245,0.000129,-82.05,0.32,92.67,144.46,0.000789,0.0,0.8571428571428571,1.0,0.5058,0.08125,21.0,134.0,32.0,32.0,74,247.16,2026-06-01T23:05:16.832000,,,,,,,0,0,0,0,0.0,G2 Esports,24,6,1.0,"=IMAGE(""https://raw.githubusercontent.com/ByMykel/counter-strike-image-tracker/main/static/panorama/images/econ/stickers/cologne2026/sig_matys_foil_png.png"")",https://raw.githubusercontent.com/ByMykel/counter-strike-image-tracker/main/static/panorama/images/econ/stickers/cologne2026/sig_matys_foil_png.png,https://cs2tokens.com/iem-cologne-2026/items/sticker-matys-foil-cologne-2026,Sticker | MATYS (Foil) | Cologne 2026,https://steamcommunity.com/market/listings/730/Sticker%20%7C%20MATYS%20%28Foil%29%20%7C%20Cologne%202026,ok,10771.0,5316.0,12.0,iem-cologne-2026,campaign_12,sticker,Autograph,MATYS,G2 Esports,rarity_mythical,8b12f6157fde
45,51.8,P4,SCORE FIRST,dgt,Player,Paper,9z Team,5,0.05,0 until scored,Very Cheap,Low,6.0,0.6446,0.2947,0.5161,0.4483,0.3237,72.60000000000002,0.605,8.63,25.0,80.0,0.0,0.0,0.1781,0.0,0.0,0.65,0.0,0,1.0,0.5875,80.0,400.0,0.0,Neutral,+73% expected | 0.18 demand | 80% below high | 400% upside | -80% vs launch,"lower highs, unscored",Potentially interesting; needs manual score.,False,25.0,-80.0,24.33,-79.44923962186601,0.0,10,0.0,-2.49,0.0,49,158.01,0.0,0.0,-2.71,0.0,-14.0,-0.0875,0.35,0.0,29508.0,386971.0,3827.0,1642.0,0.000897,0.000735,-15.13,-0.4,-28.92,-61.29,0.000282,0.001265,0.5341614906832298,1.0,0.3436,0.0625,5.0,25.0,5.0,5.0,74,247.16,2026-06-01T23:05:16.832000,,,,,,,0,0,0,0,0.0,9z Team,24,6,1.0,"=IMAGE(""https://raw.githubusercontent.com/ByMykel/counter-strike-image-tracker/main/static/panorama/images/econ/stickers/cologne2026/sig_dgt_png.png"")",https://raw.githubusercontent.com/ByMykel/counter-strike-image-tracker/main/static/panorama/images/econ/stickers/cologne2026/sig_dgt_png.png,https://cs2tokens.com/iem-cologne-2026/items/sticker-dgt-cologne-2026,Sticker | dgt | Cologne 2026,https://steamcommunity.com/market/listings/730/Sticker%20%7C%20dgt%20%7C%20Cologne%202026,ok,10838.0,5316.0,12.0,iem-cologne-2026,campaign_12,sticker,Autograph,dgt,9z Team,rarity_rare,cef7f46c1783
46,51.4,P4,SCORE FIRST,dgt (Foil),Player,Foil,9z Team,38,0.38,0 until scored,Very Cheap,Low,6.0,0.601,0.2741,0.5057,0.3885,0.4007,43.552631578947356,0.3629,54.55,145.0,73.79310344827587,-18.42105263157895,0.2303,0.3739,0.0,0.0,0.65,0.0,0,1.0,0.5,73.79310344827587,281.57894736842104,0.06140350877192982,Neutral,+44% expected | 0.37 demand | 74% below high | 282% upside | -74% vs launch,"lower highs, unscored",Potentially interesting; needs manual score.,False,145.0,-73.79310344827586,137.0,-72.26277372262774,22.58,2,0.0,-1.97,0.0,48,158.0,2.7,5.83,-2.29,2.7,0.0,0.0,0.0,0.0,50313.0,354709.0,4254.0,1006.0,0.000847,0.00045,-26.33,-0.12,-3.54,-1.43,0.000428,0.000775,0.6335403726708074,1.0,0.3254,0.11875,31.0,145.0,37.0,38.0,74,247.16,2026-06-01T23:05:16.832000,,,,,,,0,0,0,0,0.0,9z Team,24,6,1.0,"=IMAGE(""https://raw.githubusercontent.com/ByMykel/counter-strike-image-tracker/main/static/panorama/images/econ/stickers/cologne2026/sig_dgt_foil_png.png"")",https://raw.githubusercontent.com/ByMykel/counter-strike-image-tracker/main/static/panorama/images/econ/stickers/cologne2026/sig_dgt_foil_png.png,https://cs2tokens.com/iem-cologne-2026/items/sticker-dgt-foil-cologne-2026,Sticker | dgt (Foil) | Cologne 2026,https://steamcommunity.com/market/listings/730/Sticker%20%7C%20dgt%20%28Foil%29%20%7C%20Cologne%202026,ok,10839.0,5316.0,12.0,iem-cologne-2026,campaign_12,sticker,Autograph,dgt,9z Team,rarity_mythical,a365b6b4f733
47,51.1,P4,SCORE FIRST,SHOCK,Player,Paper,,8,0.08,0 until scored,Very Cheap,Low,6.0,0.5181,0.2794,0.505,0.3578,0.3784,37.87499999999999,0.3156,11.03,24.0,66.66666666666666,-25.0,0.3125,0.5721,0.0,0.0,0.65,0.0,0,1.0,0.55,66.66666666666666,200.0,0.1111111111111111,Demand rising while price soft,+38% expected | 0.57 demand | 67% below high | 200% upside | -64% vs launch,"lower highs, unscored",Potentially interesting; needs manual score.,False,22.0,-63.63636363636363,22.67,-64.711071901191,33.33,11,0.0,-1.81,0.0,49,158.01,0.0,0.0,-2.22,-6.52,-8.0,-0.05,0.2,0.0,52064.0,326400.0,3783.0,3237.0,0.000917,0.001448,172.44,0.12,26.35,-48.12,0.000452,0.002493,0.2795031055900621,1.0,0.2431,0.575,6.0,24.0,8.0,8.0,74,247.16,2026-06-01T23:05:16.832000,,,,,,,0,0,0,0,0.0,SHOCK,4,1,0.25,"=IMAGE(""https://raw.githubusercontent.com/ByMykel/counter-strike-image-tracker/main/static/panorama/images/econ/stickers/cologne2026/sig_shock_png.png"")",https://raw.githubusercontent.com/ByMykel/counter-strike-image-tracker/main/static/panorama/images/econ/stickers/cologne2026/sig_shock_png.png,https://cs2tokens.com/iem-cologne-2026/items/sticker-shock-cologne-2026,Sticker | SHOCK | Cologne 2026,https://steamcommunity.com/market/listings/730/Sticker%20%7C%20SHOCK%20%7C%20Cologne%202026,ok,10998.0,5316.0,12.0,iem-cologne-2026,campaign_12,sticker,Autograph,SHOCK,,rarity_rare,ce3e4bcc3e01
